<?xml version="1.0"?>
<Interface Version="1" Minor="1">
	<Ifc Id="ROOT" Top="1">
		<Bus Id="s_L">
			<Port Id="0" Dir="OUT"/>
			<Port Id="1" Dir="OUT"/>
			<Port Id="2" Dir="OUT"/>
			<Port Id="3" Dir="OUT"/>
		</Bus>
		<Bus Id="seg_L">
			<Port Id="0" Dir="OUT"/>
			<Port Id="1" Dir="OUT"/>
			<Port Id="2" Dir="OUT"/>
			<Port Id="3" Dir="OUT"/>
			<Port Id="4" Dir="OUT"/>
			<Port Id="5" Dir="OUT"/>
			<Port Id="6" Dir="OUT"/>
			<Port Id="7" Dir="OUT"/>
		</Bus>
		<Port Id="clk" Dir="IN"/>
		<Port Id="HS_L" Dir="OUT"/>
		<Port Id="VS_L" Dir="OUT"/>
		<Port Id="R0" Dir="OUT"/>
		<Port Id="R1" Dir="OUT"/>
		<Port Id="R2" Dir="OUT"/>
		<Port Id="G0" Dir="OUT"/>
		<Port Id="G1" Dir="OUT"/>
		<Port Id="G2" Dir="OUT"/>
		<Port Id="B0" Dir="OUT"/>
		<Port Id="B1" Dir="OUT"/>
		<Port Id="up" Dir="IN"/>
		<Port Id="down" Dir="IN"/>
		<Port Id="left" Dir="IN"/>
		<Port Id="right" Dir="IN"/>
		<Port Id="rst" Dir="IN"/>
	</Ifc>
</Interface>

